Day#,Value
1,0.487096364
2,0.510455046
3,0.533813728
4,0.310458912
5,0.301777054
6,0.293095197
7,0.28441334
8,0.345295704
9,0.406178067
10,0.46706043
11,0.4125795
12,0.358098569
13,0.44318744
14,0.528276311
15,0.613365182
16,0.698454052
17,0.643842709
18,0.589231366
19,0.534620022
20,0.658534374
21,0.613305832
22,0.568077289
23,0.522848747
24,0.477620204
25,0.31841347